<?xml version="1.0" encoding="UTF-8"?>
<metadata xml:lang="en"><Esri><CreaDate>20250115</CreaDate><CreaTime>15034900</CreaTime><ArcGISFormat>1.0</ArcGISFormat><SyncOnce>TRUE</SyncOnce><DataProperties><lineage><Process ToolSource="c:\program files\arcgis\pro\Resources\ArcToolbox\toolboxes\Cartography Tools.tbx\GridIndexFeatures" Date="20250115" Time="150349">GridIndexFeatures C:\Users\Leslie\Desktop\work\Waste_dump_zone_A\index_feature.shp waste_dump INTERSECTFEATURE NO_USEPAGEUNIT # "600 Meters" "600 Meters" "-73857.8050188976 1190301.52586028" 5 3 1 LABELFROMORIGIN</Process></lineage></DataProperties></Esri></metadata>
