<?xml version="1.0" encoding="UTF-8"?>
<metadata xml:lang="en"><Esri><CreaDate>20250115</CreaDate><CreaTime>14543300</CreaTime><ArcGISFormat>1.0</ArcGISFormat><SyncOnce>TRUE</SyncOnce><DataProperties><lineage><Process ToolSource="c:\program files\arcgis\pro\Resources\ArcToolbox\toolboxes\Data Management Tools.tbx\CreateFishnet" Date="20250115" Time="145433">CreateFishnet C:\Users\Leslie\Desktop\work\Waste_dump_zone_A\fish_net.shp "-73857.8050188976 1190301.52586028" "-73857.8050188976 1190311.52586028" 600 600 # # "-72656.1636585817 1192968.98757618" LABELS "-73857.8050188976 1190301.52586028 -72656.1636585817 1192968.98757618 PROJCS["WGS_1984_Web_Mercator_Auxiliary_Sphere",GEOGCS["GCS_WGS_1984",DATUM["D_WGS_1984",SPHEROID["WGS_1984",6378137.0,298.257223563]],PRIMEM["Greenwich",0.0],UNIT["Degree",0.0174532925199433]],PROJECTION["Mercator_Auxiliary_Sphere"],PARAMETER["False_Easting",0.0],PARAMETER["False_Northing",0.0],PARAMETER["Central_Meridian",0.0],PARAMETER["Standard_Parallel_1",0.0],PARAMETER["Auxiliary_Sphere_Type",0.0],UNIT["Meter",1.0]]" Polygon</Process></lineage></DataProperties></Esri></metadata>
